-- phpMyAdmin SQL Dump
-- version 4.4.15.7
-- http://www.phpmyadmin.net
--
-- Host: 127.0.0.1:3306
-- Generation Time: Aug 14, 2017 at 05:45 PM
-- Server version: 5.7.13
-- PHP Version: 7.0.8

SET SQL_MODE = "NO_AUTO_VALUE_ON_ZERO";
SET time_zone = "+00:00";


/*!40101 SET @OLD_CHARACTER_SET_CLIENT=@@CHARACTER_SET_CLIENT */;
/*!40101 SET @OLD_CHARACTER_SET_RESULTS=@@CHARACTER_SET_RESULTS */;
/*!40101 SET @OLD_COLLATION_CONNECTION=@@COLLATION_CONNECTION */;
/*!40101 SET NAMES utf8mb4 */;

--
-- Database: `newanketa`
--

-- --------------------------------------------------------

--
-- Table structure for table `answers`
--

CREATE TABLE IF NOT EXISTS `answers` (
  `id` bigint(20) unsigned NOT NULL,
  `text` varchar(255) NOT NULL,
  `question_id` bigint(20) DEFAULT NULL,
  `created_at` timestamp NULL DEFAULT NULL,
  `modified_at` timestamp NOT NULL DEFAULT CURRENT_TIMESTAMP
) ENGINE=InnoDB AUTO_INCREMENT=15 DEFAULT CHARSET=utf8;

--
-- Dumping data for table `answers`
--

INSERT INTO `answers` (`id`, `text`, `question_id`, `created_at`, `modified_at`) VALUES
(13, 'rock', 2, '2017-08-14 14:42:39', '2017-08-14 14:42:39'),
(14, 'rocknroll', 2, '2017-08-14 14:42:39', '2017-08-14 14:42:39');

-- --------------------------------------------------------

--
-- Table structure for table `forms`
--

CREATE TABLE IF NOT EXISTS `forms` (
  `id` bigint(20) unsigned NOT NULL,
  `name` varchar(255) NOT NULL,
  `description` text NOT NULL,
  `action` varchar(255) NOT NULL,
  `created_at` timestamp NULL DEFAULT NULL,
  `modified_at` timestamp NOT NULL DEFAULT CURRENT_TIMESTAMP
) ENGINE=InnoDB AUTO_INCREMENT=7 DEFAULT CHARSET=utf8;

--
-- Dumping data for table `forms`
--

INSERT INTO `forms` (`id`, `name`, `description`, `action`, `created_at`, `modified_at`) VALUES
(1, 'Стационар МЗ', 'АНКЕТА\r\nдля оценки качества оказания услуг медицинскими организациями\r\nв стационарных условиях', 'stacionar', NULL, '2017-08-10 11:32:25'),
(2, 'Амбулатория МЗ', 'АНКЕТА\r\nдля оценки качества оказания услуг медицинскими организациями\r\nв амбулаторных условиях', 'ambulatoria', NULL, '2017-08-10 11:32:25'),
(3, 'Амбулатория (Приказ 240)', 'АНКЕТА для оценки качества оказания услуг медицинскими организациями в амбулаторных условиях (Приказ N240)', 'ambulatoria_240', NULL, '2017-08-10 11:32:25'),
(5, 'Тестовая', 'тут описание очень много описания', 'rocknroll', '2017-08-13 14:00:37', '2017-08-13 14:00:37');

-- --------------------------------------------------------

--
-- Table structure for table `medicalorganization_to_form`
--

CREATE TABLE IF NOT EXISTS `medicalorganization_to_form` (
  `id` bigint(20) unsigned NOT NULL,
  `medicalorganization_id` int(20) NOT NULL,
  `form_id` int(20) NOT NULL,
  `created_at` timestamp NULL DEFAULT NULL,
  `modified_at` timestamp NOT NULL DEFAULT CURRENT_TIMESTAMP
) ENGINE=InnoDB AUTO_INCREMENT=75 DEFAULT CHARSET=utf8;

--
-- Dumping data for table `medicalorganization_to_form`
--

INSERT INTO `medicalorganization_to_form` (`id`, `medicalorganization_id`, `form_id`, `created_at`, `modified_at`) VALUES
(27, 24, 3, '2017-08-10 14:11:45', '2017-08-10 14:11:45'),
(29, 25, 3, '2017-08-10 14:11:47', '2017-08-10 14:11:47'),
(35, 28, 3, '2017-08-10 14:12:34', '2017-08-10 14:12:34'),
(48, 31, 2, '2017-08-13 12:42:48', '2017-08-13 12:42:48'),
(49, 31, 3, '2017-08-13 12:42:48', '2017-08-13 12:42:48'),
(70, 32, 3, '2017-08-13 13:33:57', '2017-08-13 13:33:57'),
(71, 33, 1, '2017-08-13 13:36:19', '2017-08-13 13:36:19'),
(72, 34, 1, '2017-08-13 14:52:34', '2017-08-13 14:52:34'),
(73, 34, 2, '2017-08-13 14:52:34', '2017-08-13 14:52:34'),
(74, 34, 3, '2017-08-13 14:52:34', '2017-08-13 14:52:34');

-- --------------------------------------------------------

--
-- Table structure for table `medical_organizations`
--

CREATE TABLE IF NOT EXISTS `medical_organizations` (
  `id` bigint(20) unsigned NOT NULL,
  `name` varchar(255) NOT NULL,
  `region_id` int(20) NOT NULL,
  `created_at` timestamp NULL DEFAULT NULL,
  `modified_at` timestamp NOT NULL DEFAULT CURRENT_TIMESTAMP
) ENGINE=InnoDB AUTO_INCREMENT=98 DEFAULT CHARSET=utf8;

--
-- Dumping data for table `medical_organizations`
--

INSERT INTO `medical_organizations` (`id`, `name`, `region_id`, `created_at`, `modified_at`) VALUES
(1, 'ОГБУЗ "Костромская областная клиническая больница им. Королева Е.И."', 1, NULL, '2017-08-13 15:19:51'),
(2, 'ОГБУЗ "Костромская областная детская больница"', 1, NULL, '2017-08-13 15:19:51'),
(3, 'ОГБУЗ "Костромской областной госпиталь для ветеранов войн"', 1, NULL, '2017-08-13 15:19:51'),
(4, 'ОГБУЗ "Костромской онкологический диспансер"', 1, NULL, '2017-08-13 15:19:51'),
(5, 'ОГБУЗ "Костромской центр специализированных видов медицинской помощи"', 1, NULL, '2017-08-13 15:19:51'),
(6, 'ОГБУЗ "Окружная больница Костромского округа №1"', 1, NULL, '2017-08-13 15:19:51'),
(7, 'ОГБУЗ "Окружная больница Костромского округа №2"', 1, NULL, '2017-08-13 15:19:51'),
(8, 'ОГБУЗ "Городская больница г. Костромы"', 1, NULL, '2017-08-13 15:19:51'),
(9, 'ОГБУЗ "Костромская областная стоматологическая поликлиника"', 1, NULL, '2017-08-13 15:19:51'),
(10, 'ОГБУЗ "Стоматологическая поликлиника №1 г. Костромы"', 1, NULL, '2017-08-13 15:19:51'),
(11, 'ОГБУЗ "Родильный дом г. Костромы"', 1, NULL, '2017-08-13 15:19:51'),
(12, 'ОГБУЗ "Центр охраны здоровья семьи и репродукции Костромской области "Центр матери и ребенка"', 1, NULL, '2017-08-13 15:19:51'),
(13, 'ОГБУЗ "Шарьинская окружная больница им. Каверина В.Ф."', 25, NULL, '2017-08-13 15:19:51'),
(14, 'ОГБУЗ "Мантуровская окружная больница"', 11, NULL, '2017-08-13 15:19:51'),
(15, 'ОГБУЗ "Чухломская центральная районная больница"', 24, NULL, '2017-08-13 15:19:51'),
(16, 'ОГБУЗ "Буйская центральная районная больница"', 3, NULL, '2017-08-13 15:19:51'),
(17, 'ОГБУЗ "Нейская районная больница"', 13, NULL, '2017-08-13 15:19:51'),
(18, 'ОГБУЗ "Волгореченская городская больница"', 4, NULL, '2017-08-13 15:19:51'),
(19, 'ОГБУЗ "Галичская окружная больница"', 6, NULL, '2017-08-13 15:19:51'),
(20, 'ОГБУЗ "Межевская районная больница"', 12, NULL, '2017-08-13 15:19:51'),
(21, 'ОГБУЗ "Кологривская районная больница"', 8, NULL, '2017-08-13 15:19:51'),
(22, 'ОГБУЗ "Солигалическая районная больница"', 21, NULL, '2017-08-13 15:19:51'),
(23, 'ОГБУЗ "Сусанинская районная больница"', 23, NULL, '2017-08-13 15:19:51'),
(24, 'ОГБУЗ "Пыщугская районная больница"', 20, NULL, '2017-08-13 15:19:51'),
(25, 'ОГБУЗ "Вохомская районная больница"', 5, NULL, '2017-08-13 15:19:51'),
(26, 'ОГБУЗ "Судиславская районная больница"', 22, NULL, '2017-08-13 15:19:51'),
(27, 'ОГБУЗ "Макарьевская районная больница"', 10, NULL, '2017-08-13 15:19:51'),
(28, 'ОГБУЗ "Нерехтская центральная районная больница"', 14, NULL, '2017-08-13 15:19:51'),
(29, 'ОГБУЗ "Островская районная больница"', 16, NULL, '2017-08-13 15:19:51'),
(30, 'ОГБУЗ "Павинская районная больница"', 17, NULL, '2017-08-13 15:19:51'),
(31, 'ОГБУЗ "Антроповская центральная районная больница"', 2, NULL, '2017-08-13 15:19:51'),
(32, 'ОГБУЗ "Стоматологическая поликлиника г.Нерехты"', 14, NULL, '2017-08-13 15:19:51'),
(33, 'ОГБУЗ "Боговаровская районная больница"', 15, NULL, '2017-08-13 15:19:51'),
(34, 'ОГБУЗ "Парфеньевская районная больница"', 18, NULL, '2017-08-13 15:19:51'),
(35, 'ОГБУЗ "Кадыйская районная больница"', 7, NULL, '2017-08-13 15:19:51'),
(36, 'ОГБУЗ "Поназыревская районная больница"', 19, NULL, '2017-08-13 15:19:51'),
(37, 'ОГБУЗ "Красносельская районная больница"', 9, NULL, '2017-08-13 15:19:51'),
(38, 'ОГБУЗ "Костромской областной врачебно-физкультурный диспансер"', 1, NULL, '2017-08-13 15:19:51'),
(39, 'ОГБУЗ "Костромской областной наркологический диспансер"', 1, NULL, '2017-08-13 15:19:51'),
(40, 'ОГБУЗ "Костромской противотуберкулезный диспансер"', 1, NULL, '2017-08-13 15:19:51'),
(41, 'ОГБУЗ "Костромская областная психиатрическая больница"', 1, NULL, '2017-08-13 15:19:51'),
(42, 'ОГБУЗ "Центр специализированной помощи по профилактике и борьбе с инфекционными заболеваниями"', 1, NULL, '2017-08-13 15:19:51'),
(43, 'ОГБУЗ "Костромская областная станция скорой медицинской помощи и медицины катастроф"', 1, NULL, '2017-08-13 15:19:51'),
(44, 'ОГБУЗ "Костромской медицинский центр психотерапии и практической психологии"', 1, NULL, '2017-08-13 15:19:51'),
(45, 'ОГБУЗ "Шарьинский психоневрологический диспансер"', 25, NULL, '2017-08-13 15:19:51'),
(46, 'Офис врача общей практики ОГБУЗ "Городская больница г. Костромы"', 1, NULL, '2017-08-13 15:19:51'),
(47, 'ЛПУ "Санаторий Колос"', 1, NULL, '2017-08-13 15:19:51'),
(48, 'Частное лечебно-профилактическое учреждение "Санаторий-профилакторий Костромской ГРЭС"', 4, NULL, '2017-08-13 15:19:51'),
(49, 'ОГБУЗ "Костромская областная станция переливания крови";', 1, NULL, '2017-08-13 15:19:51'),
(50, 'Отделение переливания крови ОГБУЗ "Буйская центральная районная больница"', 3, NULL, '2017-08-13 15:19:51'),
(51, 'Отделение переливания крови ОГБУЗ "Галичская окружная\r\nбольница"', 6, NULL, '2017-08-13 15:19:51'),
(52, 'Отделение переливания крови ОГБУЗ "Шарьинская окружная больница им. Каверина В.Ф."', 25, NULL, '2017-08-13 15:19:51'),
(53, 'Отделение скорой медицинской помощи ОГБУЗ "Антроповская центральная  районная больница"', 2, NULL, '2017-08-13 15:19:51'),
(54, 'Отделение скорой медицинской помощи ОГБУЗ "Боговаровская районная больница"', 15, NULL, '2017-08-13 15:19:51'),
(55, 'Отделение скорой медицинской помощи ОГБУЗ "Буйская центральная  районная больница"', 3, NULL, '2017-08-13 15:19:51'),
(56, 'Отделение скорой медицинской помощи ОГБУЗ "Волгореченскаягородская больница"', 4, NULL, '2017-08-13 15:19:51'),
(57, 'Отделение скорой медицинской помощи ОГБУЗ "Вохомская районная больница"', 5, NULL, '2017-08-13 15:19:51'),
(58, 'Отделение скорой медицинской помощи ОГБУЗ "Галичская окружная больница"', 6, NULL, '2017-08-13 15:19:51'),
(59, 'Отделение скорой медицинской помощи ОГБУЗ "Кадыйская районная больница"', 7, NULL, '2017-08-13 15:19:51'),
(60, 'Отделение скорой медицинской помощи ОГБУЗ "Кологривская районная больница"', 8, NULL, '2017-08-13 15:19:51'),
(61, 'Отделение скорой медицинской помощи ОГБУЗ "Красносельская районная больница"', 9, NULL, '2017-08-13 15:19:51'),
(62, 'Отделение скорой медицинской помощи ОГБУЗ "Мантуровская окружная больница"', 11, NULL, '2017-08-13 15:19:51'),
(63, 'Отделение скорой медицинской помощи ОГБУЗ "Межевская районная больница"', 12, NULL, '2017-08-13 15:19:51'),
(64, 'Отделение скорой медицинской помощи ОГБУЗ "Нейская  районнаябольница"', 13, NULL, '2017-08-13 15:19:51'),
(65, 'Отделение скорой медицинской помощи ОГБУЗ "Нерехтская центральная  районная больница"', 14, NULL, '2017-08-13 15:19:51'),
(66, 'Отделение скорой медицинской помощи ОГБУЗ "Островская районная больница"', 16, NULL, '2017-08-13 15:19:51'),
(67, 'Отделение скорой медицинской помощи ОГБУЗ "Павинская районная больница"', 17, NULL, '2017-08-13 15:19:51'),
(68, 'Отделение скорой медицинской помощи ОГБУЗ "Парфеньевская районная больница"', 18, NULL, '2017-08-13 15:19:51'),
(69, 'Отделение скорой медицинской помощи ОГБУЗ "Поназыревская районная больница"', 19, NULL, '2017-08-13 15:19:51'),
(70, 'Отделение скорой медицинской помощи ОГБУЗ "Пыщугская районная больница"', 20, NULL, '2017-08-13 15:19:51'),
(71, 'Отделение скорой медицинской помощи ОГБУЗ "Солигаличская районная больница"', 21, NULL, '2017-08-13 15:19:51'),
(72, 'Отделение скорой медицинской помощи ОГБУЗ "Судиславская районная больница"', 22, NULL, '2017-08-13 15:19:51'),
(73, 'Отделение скорой медицинской помощи ОГБУЗ "Сусанинская районная больница"', 23, NULL, '2017-08-13 15:19:51'),
(74, 'Отделение скорой медицинской помощи ОГБУЗ "Чухломская районная больница"', 24, NULL, '2017-08-13 15:19:51'),
(75, 'Отделение скорой медицинской помощи ОГБУЗ "Шаринская окружная больница им. Каверина В.Ф."', 25, NULL, '2017-08-13 15:19:51'),
(76, 'Негосударственное учреждение здравоохранения "Узловая поликлиника на станции Буй открытого акционерного общества "Российские железные дороги"', 3, NULL, '2017-08-13 15:19:51'),
(77, 'Общество с ограниченной ответственностью "ЗУБиК"', 1, NULL, '2017-08-13 15:19:51'),
(78, 'Общество с ограниченной ответственностью "Оптима"', 1, NULL, '2017-08-13 15:19:51'),
(79, 'Общество с ограниченной ответственностью "Центр красоты и здоровья"', 1, NULL, '2017-08-13 15:19:51'),
(80, 'Общество с ограниченной ответственностью "Кристалл"', 1, NULL, '2017-08-13 15:19:51'),
(81, 'Общество с ограниченной ответственностью "КОЦ "Прозрение"', 1, NULL, '2017-08-13 15:19:51'),
(82, 'Общество с ограниченной ответственностью "Зубной Чародей"', 1, NULL, '2017-08-13 15:19:51'),
(83, 'Общество с ограниченной ответственностью "Центр амбулаторной хирургии"', 1, NULL, '2017-08-13 15:19:51'),
(84, 'Общество с ограниченной ответственностью "Дент Аль"', 1, NULL, '2017-08-13 15:19:51'),
(85, 'Общество с ограниченной ответственностью "Медицинский центр "МИРТ"', 1, NULL, '2017-08-13 15:19:51'),
(86, 'Общество с ограниченной ответственностью "Мир здоровья"', 1, NULL, '2017-08-13 15:19:51'),
(87, 'Общество с ограниченной ответственностью "Медицинский центр "Здоровье"', 1, NULL, '2017-08-13 15:19:51'),
(88, 'Общество с ограниченной ответственностью "Хирургия глаза"', 1, NULL, '2017-08-13 15:19:51'),
(89, 'Общество с ограниченной ответственностью "ЛДЦ МИБС-Кострома"', 1, NULL, '2017-08-13 15:19:51'),
(90, 'Общество с ограниченной ответственностью "Гинеколог и Я"', 1, NULL, '2017-08-13 15:19:51'),
(91, 'Общество с ограниченной ответственностью "МРТ - Эксперт Кострома"', 1, NULL, '2017-08-13 15:19:51'),
(92, 'Костромской филиал Нефросовета', 1, NULL, '2017-08-13 15:19:51'),
(93, 'Негосударственное учреждение здравоохранения "Узловая поликлиника на станции Шарья"', 25, NULL, '2017-08-13 15:19:51'),
(94, 'Общество с ограниченной ответственностью "Мать и дитя Кострома"', 1, NULL, '2017-08-13 15:19:51'),
(95, 'Федеральное казенное учреждение здравоохранения Медико-санитарная часть-44 Федеральной службы исполнения наказаний Российской Федерации', 1, NULL, '2017-08-13 15:19:51'),
(96, 'Частное учреждение "Клиника Медекс Кострома"', 1, NULL, '2017-08-13 15:19:51'),
(97, 'Федеральное казенное учреждение здравоохранения "Медицинская санитарная часть Министерства внутренних дел Российской Федерации по Костромской области"', 1, NULL, '2017-08-13 15:19:51');

-- --------------------------------------------------------

--
-- Table structure for table `questions`
--

CREATE TABLE IF NOT EXISTS `questions` (
  `id` bigint(20) unsigned NOT NULL,
  `form_id` bigint(20) NOT NULL,
  `text` text NOT NULL,
  `type` varchar(255) NOT NULL,
  `required` bigint(1) DEFAULT NULL,
  `parent_id` bigint(20) DEFAULT NULL,
  `created_at` timestamp NULL DEFAULT NULL,
  `modified_at` timestamp NOT NULL DEFAULT CURRENT_TIMESTAMP
) ENGINE=InnoDB AUTO_INCREMENT=17 DEFAULT CHARSET=utf8;

--
-- Dumping data for table `questions`
--

INSERT INTO `questions` (`id`, `form_id`, `text`, `type`, `required`, `parent_id`, `created_at`, `modified_at`) VALUES
(2, 3, 'множественый быбор', 'checkbox', NULL, NULL, '2017-08-13 17:53:45', '2017-08-13 17:53:45'),
(3, 3, 'необходимый', 'checkbox', NULL, NULL, '2017-08-13 17:53:57', '2017-08-13 17:53:57'),
(4, 3, 'необходимый', 'checkbox', NULL, NULL, '2017-08-13 17:54:44', '2017-08-13 17:54:44'),
(5, 3, 'необходимый', 'checkbox', NULL, NULL, '2017-08-13 17:55:08', '2017-08-13 17:55:08'),
(6, 3, 'необходимый', 'checkbox', NULL, NULL, '2017-08-13 17:55:22', '2017-08-13 17:55:22'),
(7, 3, 'необходимый', 'checkbox', NULL, NULL, '2017-08-13 17:55:53', '2017-08-13 17:55:53'),
(8, 3, 'необходимый', 'checkbox', NULL, NULL, '2017-08-13 17:55:57', '2017-08-13 17:55:57'),
(9, 3, 'ыаываываыeqe', 'checkbox', 1, NULL, '2017-08-13 17:57:58', '2017-08-13 17:57:58'),
(10, 3, 'Еще 10-й вопрос', 'radio', 1, NULL, '2017-08-13 17:58:18', '2017-08-13 17:58:18'),
(12, 3, 'Это 10-й вопрос. Множественный выбор с необходимостью', 'checkbox', 1, NULL, '2017-08-13 18:31:11', '2017-08-13 18:31:11'),
(13, 3, 'Это 10-й вопрос. Множественный выбор с необходимостью', 'radio', NULL, NULL, '2017-08-13 18:31:25', '2017-08-13 18:31:25'),
(14, 3, 'ыаываываыeqe', 'radio', 1, NULL, '2017-08-13 18:33:55', '2017-08-13 18:33:55'),
(15, 3, 'Еще 10-й вопрос', 'checkbox', NULL, NULL, '2017-08-13 18:35:30', '2017-08-13 18:35:30'),
(16, 1, 'йкйцк', 'checkbox', 1, NULL, '2017-08-13 18:37:14', '2017-08-13 18:37:14');

-- --------------------------------------------------------

--
-- Table structure for table `regions`
--

CREATE TABLE IF NOT EXISTS `regions` (
  `id` bigint(20) unsigned NOT NULL,
  `name` varchar(255) NOT NULL,
  `created_at` timestamp NULL DEFAULT NULL,
  `modified_at` timestamp NOT NULL DEFAULT CURRENT_TIMESTAMP
) ENGINE=InnoDB AUTO_INCREMENT=26 DEFAULT CHARSET=utf8;

--
-- Dumping data for table `regions`
--

INSERT INTO `regions` (`id`, `name`, `created_at`, `modified_at`) VALUES
(1, 'Костромской район', NULL, '2017-08-10 10:11:01'),
(2, 'Антроповский район', NULL, '2017-08-10 10:11:01'),
(3, 'Буйский район', NULL, '2017-08-10 10:11:01'),
(4, 'Волгореченский район', NULL, '2017-08-10 10:11:01'),
(5, 'Вохомский район', NULL, '2017-08-10 10:11:01'),
(6, 'Галичский район', NULL, '2017-08-10 10:11:01'),
(7, 'Кадыйский район', NULL, '2017-08-10 10:11:01'),
(8, 'Кологривский район', NULL, '2017-08-10 10:11:01'),
(9, 'Красносельский район', NULL, '2017-08-10 10:11:01'),
(10, 'Макарьевский район', NULL, '2017-08-10 10:11:01'),
(11, 'Мантуровский район', NULL, '2017-08-10 10:11:01'),
(12, 'Межевской район', NULL, '2017-08-10 10:11:01'),
(13, 'Нейский район', NULL, '2017-08-10 10:11:01'),
(14, 'Нерехтский район', NULL, '2017-08-10 10:11:01'),
(15, 'Октябрьский район', NULL, '2017-08-10 10:11:01'),
(16, 'Островский район', NULL, '2017-08-10 10:11:01'),
(17, 'Павинский район', NULL, '2017-08-10 10:11:01'),
(18, 'Парфеньевский район', NULL, '2017-08-10 10:11:01'),
(19, 'Поназыревский район', NULL, '2017-08-10 10:11:01'),
(20, 'Пыщугский район', NULL, '2017-08-10 10:11:01'),
(21, 'Солигалический район', NULL, '2017-08-10 10:11:01'),
(22, 'Судиславский район', NULL, '2017-08-10 10:11:01'),
(23, 'Сусанинский район', NULL, '2017-08-10 10:11:01'),
(24, 'Чухломский район', NULL, '2017-08-10 10:11:01'),
(25, 'Шарьинский район', NULL, '2017-08-10 10:11:01');

-- --------------------------------------------------------

--
-- Table structure for table `users`
--

CREATE TABLE IF NOT EXISTS `users` (
  `id` bigint(20) unsigned NOT NULL,
  `login` varchar(255) NOT NULL,
  `name` varchar(255) NOT NULL,
  `password` varchar(255) NOT NULL,
  `created_at` timestamp NULL DEFAULT NULL,
  `modified_at` timestamp NOT NULL DEFAULT CURRENT_TIMESTAMP
) ENGINE=InnoDB AUTO_INCREMENT=3 DEFAULT CHARSET=utf8;

--
-- Dumping data for table `users`
--

INSERT INTO `users` (`id`, `login`, `name`, `password`, `created_at`, `modified_at`) VALUES
(1, 'admin', 'Антон Шатунов', '$2y$10$qCmNUAvkR1XixAOEmiSDP.z8M77qZb1K5lxSP1ffj9O.Vesh46.sy', NULL, '2017-06-24 13:22:16');

-- --------------------------------------------------------

--
-- Table structure for table `user_sessions`
--

CREATE TABLE IF NOT EXISTS `user_sessions` (
  `id` bigint(20) unsigned NOT NULL,
  `user_id` bigint(20) NOT NULL,
  `hash` varchar(512) NOT NULL,
  `ua` text NOT NULL,
  `ip` varchar(15) NOT NULL,
  `created_at` timestamp NULL DEFAULT NULL,
  `modified_at` timestamp NOT NULL DEFAULT CURRENT_TIMESTAMP
) ENGINE=InnoDB AUTO_INCREMENT=7 DEFAULT CHARSET=utf8;

--
-- Dumping data for table `user_sessions`
--

INSERT INTO `user_sessions` (`id`, `user_id`, `hash`, `ua`, `ip`, `created_at`, `modified_at`) VALUES
(2, 1, '371159fde3693c6bdee71db903d9c0e6b7277d1c2c9d3b53e888c1377f80f862', 'Mozilla/5.0 (Windows NT 6.1; Win64; x64) AppleWebKit/537.36 (KHTML, like Gecko) Chrome/59.0.3071.115 Safari/537.36', '127.0.0.1', '2017-08-07 21:38:17', '2017-08-07 21:38:17'),
(4, 1, 'f96ad7849b13022bbd63b60c81453fd00452831bb2f0c991b268fcea97c2654e', 'Mozilla/5.0 (Windows NT 6.1; Win64; x64) AppleWebKit/537.36 (KHTML, like Gecko) Chrome/59.0.3071.115 Safari/537.36', '127.0.0.1', '2017-08-07 22:13:25', '2017-08-07 22:13:25'),
(6, 1, '7ca6c3a3185d8bcd758f402cd87ba4e92ea8e49a7ecd4183581485b7d416571c', 'Mozilla/5.0 (Windows NT 6.1; Win64; x64) AppleWebKit/537.36 (KHTML, like Gecko) Chrome/60.0.3112.90 Safari/537.36', '127.0.0.1', '2017-08-10 14:59:15', '2017-08-10 14:59:15');

--
-- Indexes for dumped tables
--

--
-- Indexes for table `answers`
--
ALTER TABLE `answers`
  ADD UNIQUE KEY `id` (`id`);

--
-- Indexes for table `forms`
--
ALTER TABLE `forms`
  ADD UNIQUE KEY `anketa_id` (`id`),
  ADD UNIQUE KEY `action` (`action`);

--
-- Indexes for table `medicalorganization_to_form`
--
ALTER TABLE `medicalorganization_to_form`
  ADD UNIQUE KEY `id` (`id`);

--
-- Indexes for table `medical_organizations`
--
ALTER TABLE `medical_organizations`
  ADD UNIQUE KEY `id` (`id`);

--
-- Indexes for table `questions`
--
ALTER TABLE `questions`
  ADD UNIQUE KEY `id` (`id`);

--
-- Indexes for table `regions`
--
ALTER TABLE `regions`
  ADD UNIQUE KEY `id` (`id`);

--
-- Indexes for table `users`
--
ALTER TABLE `users`
  ADD PRIMARY KEY (`id`),
  ADD UNIQUE KEY `id` (`id`);

--
-- Indexes for table `user_sessions`
--
ALTER TABLE `user_sessions`
  ADD PRIMARY KEY (`id`),
  ADD UNIQUE KEY `id` (`id`);

--
-- AUTO_INCREMENT for dumped tables
--

--
-- AUTO_INCREMENT for table `answers`
--
ALTER TABLE `answers`
  MODIFY `id` bigint(20) unsigned NOT NULL AUTO_INCREMENT,AUTO_INCREMENT=15;
--
-- AUTO_INCREMENT for table `forms`
--
ALTER TABLE `forms`
  MODIFY `id` bigint(20) unsigned NOT NULL AUTO_INCREMENT,AUTO_INCREMENT=7;
--
-- AUTO_INCREMENT for table `medicalorganization_to_form`
--
ALTER TABLE `medicalorganization_to_form`
  MODIFY `id` bigint(20) unsigned NOT NULL AUTO_INCREMENT,AUTO_INCREMENT=75;
--
-- AUTO_INCREMENT for table `medical_organizations`
--
ALTER TABLE `medical_organizations`
  MODIFY `id` bigint(20) unsigned NOT NULL AUTO_INCREMENT,AUTO_INCREMENT=98;
--
-- AUTO_INCREMENT for table `questions`
--
ALTER TABLE `questions`
  MODIFY `id` bigint(20) unsigned NOT NULL AUTO_INCREMENT,AUTO_INCREMENT=17;
--
-- AUTO_INCREMENT for table `regions`
--
ALTER TABLE `regions`
  MODIFY `id` bigint(20) unsigned NOT NULL AUTO_INCREMENT,AUTO_INCREMENT=26;
--
-- AUTO_INCREMENT for table `users`
--
ALTER TABLE `users`
  MODIFY `id` bigint(20) unsigned NOT NULL AUTO_INCREMENT,AUTO_INCREMENT=3;
--
-- AUTO_INCREMENT for table `user_sessions`
--
ALTER TABLE `user_sessions`
  MODIFY `id` bigint(20) unsigned NOT NULL AUTO_INCREMENT,AUTO_INCREMENT=7;
/*!40101 SET CHARACTER_SET_CLIENT=@OLD_CHARACTER_SET_CLIENT */;
/*!40101 SET CHARACTER_SET_RESULTS=@OLD_CHARACTER_SET_RESULTS */;
/*!40101 SET COLLATION_CONNECTION=@OLD_COLLATION_CONNECTION */;
